Association EGC,Kembellec G√©rald
Association EGC,Association EGC
Association EGC,Association EGC
Association EGC,Ioana Manolescu
Association EGC,Claudia Marinica
Association EGC,EGC2020
Association EGC,Alain G√©ly
Association EGC,Alain G√©ly
Association EGC,Pierrick Bruneau
Association EGC,SIF - SocInfoFr
Association EGC,Alain G√©ly
Association EGC,Association EGC
Association EGC,Association EGC
Association EGC,Association EGC
Association EGC,Alain G√©ly
Association EGC,Claudia Marinica
Association EGC,Claudia Marinica
Association EGC,Pierrick Bruneau
Association EGC,Association EGC
Association EGC,Association EGC
Association EGC,Roberto Di Cosmo
Association EGC,Roberto Di Cosmo
Association EGC,Alain G√©ly
Association EGC,Etienne Cuvelier
Association EGC,Association EGC
Association EGC,Alain G√©ly
Association EGC,Alain G√©ly
Association EGC,Hassan Ismail Fawaz
Association EGC,Association EGC
Association EGC,Claudia Marinica
Association EGC,Association EGC
Association EGC,Alain G√©ly
Association EGC,Association EGC
Association EGC,Roberto Di Cosmo
Association EGC,Claudia Marinica
Association EGC,CentraleSup√©lec Metz
Association EGC,CentraleSup√©lec Metz
Association EGC,Alain G√©ly
Association EGC,Loria
Association EGC,Association EGC
Association EGC,Association EGC
Association EGC,Alain G√©ly
Association EGC,Alain G√©ly
Association EGC,Alain G√©ly
Association EGC,Loria
Association EGC,Alain G√©ly
Association EGC,Loria
Association EGC,Alain G√©ly
Association EGC,Claudia Marinica
Association EGC,Association EGC
Association EGC,Association EGC
Association EGC,CentraleSup√©lec Metz
Association EGC,Jonathan Weber
Association EGC,Claudia Marinica
Association EGC,Claudia Marinica
Association EGC,Claudia Marinica
Association EGC,Claudia Marinica
Association EGC,Alain G√©ly
Association EGC,Claudia Marinica
Association EGC,Alain G√©ly
Association EGC,Alain G√©ly
Association EGC,Alain G√©ly
Association EGC,Alain G√©ly
Association EGC,Paul Fran√ßois
Association EGC,Julien Longhi
Association EGC,Claudia Marinica
Association EGC,Alain G√©ly
Association EGC,Claudia Marinica
Association EGC,Alain G√©ly
Association EGC,CentraleSup√©lec Metz
Association EGC,Claudia Marinica
Association EGC,Claudia Marinica
Association EGC,Julien Longhi
Association EGC,Pierrick Bruneau
Association EGC,CentraleSup√©lec Metz
Association EGC,Claudia Marinica
Association EGC,Claudia Marinica
Association EGC,Claudia Marinica
Association EGC,Claudia Marinica
Association EGC,Association EGC
Association EGC,Claudia Marinica
Association EGC,Claudia Marinica
Association EGC,Claudia Marinica
Association EGC,Ludovic Moncla
Association EGC,Julien Longhi
Association EGC,Julien Longhi
Association EGC,Claudia Marinica
Association EGC,Julien Longhi
Association EGC,Master M√©DAS
Association EGC,Alain G√©ly
Association EGC,Association EGC
Association EGC,Claudia Marinica
Association EGC,Association EGC
Association EGC,EricK
Association EGC,Association EGC
Association EGC,Association EGC
Association EGC,Association EGC
Association EGC,Association EGC
Association EGC,Association EGC
Association EGC,Association EGC
Association EGC,Association EGC
Association EGC,Association EGC
Association EGC,Association EGC
Association EGC,Association EGC
Association EGC,Association EGC
Association EGC,Association EGC
Association EGC,Association EGC
Association EGC,Association EGC
Association EGC,Data Science Central
Association EGC,Association EGC
Association EGC,Association EGC
Association EGC,Laboratoire ERIC
Association EGC,Association EGC
Association EGC,Claudia Marinica
Association EGC,Association EGC
Association EGC,Kaggle
Association EGC,Association EGC
Association EGC,Association EGC
Association EGC,Association EGC
Association EGC,@opendata_fr
Association EGC,Num√©rique au CNRS
Association EGC,Association EGC
Association EGC,KDnuggets
Association EGC,Association EGC
Association EGC,John Carlos Baez
Association EGC,Sylvain ‚ùÑÔ∏èüë®üèª‚Äçüéì
Association EGC,S√©bastien Mosser
Association EGC,Database Community News
Association EGC,Arthur Charpentier ‚ùÑ
Association EGC,CommitStrip FR
Association EGC,Megan Carey
Association EGC,Arthur Charpentier ‚ùÑ
Association EGC,KDnuggets
Association EGC,Emilio Ferrara
Association EGC,Association EGC
Association EGC,Association EGC
Association EGC,Association EGC
Association EGC,Association EGC
Association EGC,Association EGC
Association EGC,Association EGC
Association EGC,Association EGC
Association EGC,Association EGC
Association EGC,Association EGC
Association EGC,Kamel LEFAFTA
Association EGC,LINC
Association EGC,Inforsid
Association EGC,Association EGC
Association EGC,Laboratoire ERIC
Association EGC,Arthur Charpentier ‚ùÑ
Association EGC,Association EGC
Association EGC,Inria alumni
Association EGC,Inforsid
Association EGC,@opendata_fr
Association EGC,Talents du num√©rique
Association EGC,Fabio Mercorio
Association EGC,Data Science Central
Association EGC,Claudia Marinica
Association EGC,IAU √Æle-de-France
Association EGC,Association EGC
Association EGC,Sophie Aubin
Association EGC,Association EGC
Association EGC,Association EGC
Association EGC,Association EGC
Association EGC,Association EGC
Association EGC,Association EGC
Association EGC,Association EGC
Association EGC,Alain G√©ly
Association EGC,Philippe Lenca
Association EGC,Association EGC
Association EGC,Association EGC
Association EGC,Association EGC
Association EGC,Association EGC
Association EGC,Association EGC
Association EGC,Claudia Marinica
Association EGC,Association EGC
Association EGC,Association EGC
Association EGC,Association EGC
Association EGC,C√©cile Favre
Association EGC,Association EGC
Association EGC,Association EGC
Association EGC,Association EGC
Association EGC,Hussein AL-NATSHEH
Association EGC,Association EGC
Association EGC,Association EGC
Association EGC,Association EGC
Association EGC,Alain G√©ly
Association EGC,Association EGC
Association EGC,Claudia Marinica
Association EGC,Association EGC
Association EGC,Claudia Marinica
Association EGC,Julien Longhi
Association EGC,Dario Compagno
Association EGC,Julien Longhi
Association EGC,Alain G√©ly
Association EGC,Claudia Marinica
Association EGC,C√©cile Favre
Association EGC,Association EGC
Association EGC,Association EGC
Association EGC,Association EGC
Association EGC,Association EGC
Association EGC,Association EGC
Association EGC,Association EGC
Association EGC,Association EGC
Association EGC,Claudia Marinica
Association EGC,Jean-Michel C.
Association EGC,Association EGC
Association EGC,Association EGC
Association EGC,Association EGC
Association EGC,Pierrick Tranouez
Association EGC,Association EGC
Association EGC,Association EGC
Association EGC,Association EGC
Association EGC,Association EGC
Association EGC,Camille Pradel
Association EGC,Germain Forestier
Association EGC,Erick Stattner
Association EGC,Guy Melan√ßon
Association EGC,Association EGC
Association EGC,Claudia Marinica
Association EGC,C√©cile Favre
Association EGC,Association EGC
Association EGC,Philippe Leray
Association EGC,Association EGC
Association EGC,Association EGC
Association EGC,Anne-Marie Esteves
Association EGC,Jonathan Weber
Association EGC,Pierrick Bruneau
Association EGC,Claudia Marinica
Association EGC,Jonathan Weber
Association EGC,Jonathan Weber
Association EGC,Jonathan Weber
Association EGC,Association EGC
Association EGC,Association EGC
Association EGC,Florence
Association EGC,Jonathan Weber
Association EGC,Jonathan Weber
Association EGC,C√©cile Favre
Association EGC,Synapse D√©veloppement
Association EGC,Association EGC
Association EGC,Association EGC
Association EGC,Association EGC
Association EGC,Association EGC
Association EGC,Association EGC
Association EGC,Claudia Marinica
Association EGC,Claudia Marinica
Association EGC,Claudia Marinica
Association EGC,Claudia Marinica
Association EGC,Claudia Marinica
Association EGC,Claudia Marinica
Association EGC,Claudia Marinica
Association EGC,Claudia Marinica
Association EGC,Ma√Ætre de conf'
Association EGC,Labo Hubert Curien
Association EGC,Association EGC
Association EGC,C√©cile Favre
Association EGC,DUT_MMi
Association EGC,Kembellec G√©rald
Association EGC,C√©cile Favre
Association EGC,Association EGC
Association EGC,Association EGC
Association EGC,Association EGC
Association EGC,KDnuggets
Association EGC,Arthur Charpentier ‚ùÑ
Association EGC,Julien Longhi
Association EGC,Arthur Charpentier ‚ùÑ
Association EGC,Arthur Charpentier ‚ùÑ
Association EGC,PHD Comics
Association EGC,Data Science Central
Association EGC,Arthur Charpentier ‚ùÑ
Association EGC,KDnuggets
Association EGC,FrenchData
Association EGC,Association EGC
Association EGC,C√©cile Favre
Association EGC,Association EGC
Association EGC,Association EGC
Association EGC,Association EGC
Association EGC,Association EGC
Association EGC,Association EGC
Association EGC,Association EGC
Association EGC,Association EGC
Association EGC,Association EGC
Association EGC,Association EGC
Association EGC,Association EGC
Association EGC,Association EGC
Association EGC,Julien Longhi
Association EGC,C√©cile Favre
Association EGC,KDnuggets
Association EGC,TUBA Lyon
Association EGC,Association EGC
Association EGC,Claudia Marinica
Association EGC,Association EGC
Association EGC,Guillaume Cabanac
Association EGC,Association EGC
Association EGC,Association EGC
Association EGC,Association EGC
Association EGC,Association EGC
Association EGC,Claudia Marinica
Association EGC,Claudia Marinica
Association EGC,Association EGC
Association EGC,Association EGC
Association EGC,Association EGC
Association EGC,Association EGC
Association EGC,Association EGC
Association EGC,Brut FR
Association EGC,Data Science Central
Association EGC,SIF - SocInfoFr
Association EGC,Association EGC
Association EGC,Association EGC
Association EGC,Association EGC
Association EGC,Association EGC
Association EGC,Association EGC
Association EGC,KDnuggets
Association EGC,RES
Association EGC,Association EGC
Association EGC,Sciences et Avenir
Association EGC,Association EGC
Association EGC,Association EGC
Association EGC,Association EGC
Association EGC,BU Lille SHS
Association EGC,BU Lille SHS
Association EGC,EricK
Association EGC,Projet Pr√©vu
Association EGC,EricK
Association EGC,EricK
Association EGC,EricK
Association EGC,Association EGC
Association EGC,EricK
Association EGC,C√©cile Favre
Association EGC,Emeline Cabre
Association EGC,BU Lille SHS
Association EGC,EricK
Association EGC,EricK
Association EGC,EricK
Association EGC,EricK
Association EGC,EricK
Association EGC,Maxime MORGE
Association EGC,EricK
Association EGC,BU Lille SHS
Association EGC,EricK
Association EGC,Association EGC
Association EGC,Association EGC
Association EGC,st√©phanie Ferrer
Association EGC,C√©cile Favre
Association EGC,BU Lille SHS
Association EGC,Association EGC
Association EGC,Association EGC
Association EGC,Association EGC
Association EGC,Association EGC
Association EGC,Association EGC
Association EGC,Association EGC
Association EGC,Association EGC
Association EGC,Association EGC
Association EGC,Association EGC
Association EGC,Association EGC
Association EGC,Association EGC
Association EGC,Arthur Charpentier ‚ùÑ
Association EGC,Association EGC
Association EGC,Google AI
Association EGC,CNRS
Association EGC,CNRS
Association EGC,Association EGC
Association EGC,Num√©rique au CNRS
Association EGC,Alain G√©ly
Association EGC,CNRS
Association EGC,LAAS-CNRS
Association EGC,Inria
Association EGC,Association EGC
Association EGC,Association EGC
Association EGC,Association EGC
Association EGC,SIF - SocInfoFr
Association EGC,Jean-Marc Petit
Association EGC,Jean-Marc Petit
Association EGC,Association EGC
Association EGC,Association EGC
Association EGC,Association EGC
Association EGC,Association EGC
Association EGC,Association EGC
Association EGC,Association EGC
Association EGC,Association EGC
Association EGC,Association EGC
Association EGC,Association EGC
Association EGC,Association EGC
Association EGC,Association EGC
Association EGC,Association EGC
Association EGC,Association EGC
Association EGC,Association EGC
Association EGC,Association EGC
Association EGC,Association EGC
Association EGC,Association EGC
Association EGC,Association EGC
Association EGC,Association EGC
Association EGC,Association EGC
Association EGC,Association EGC
Association EGC,Association EGC
Association EGC,Association EGC
Association EGC,Association EGC
Association EGC,Association EGC
Association EGC,Association EGC
Association EGC,Association EGC
Association EGC,Association EGC
Association EGC,Association EGC
Association EGC,Association EGC
Association EGC,Association EGC
Association EGC,Association EGC
Association EGC,Association EGC
Association EGC,Association EGC
Association EGC,Association EGC
Association EGC,Association EGC
Association EGC,Association EGC
Association EGC,Association EGC
Association EGC,Association EGC
Association EGC,Association EGC
Association EGC,Association EGC
Association EGC,Association EGC
Association EGC,Association EGC
Association EGC,Association EGC
Association EGC,Association EGC
Association EGC,Association EGC
Association EGC,Association EGC
Association EGC,Association EGC
Association EGC,Association EGC
Association EGC,Association EGC
Association EGC,Association EGC
Association EGC,Association EGC
Association EGC,Association EGC
Association EGC,Association EGC
Association EGC,Association EGC
Association EGC,Association EGC
Association EGC,Association EGC
Association EGC,Association EGC
Association EGC,Association EGC
Association EGC,Association EGC
Association EGC,Association EGC
Association EGC,Association EGC
Association EGC,Association EGC
Association EGC,Association EGC
Association EGC,Association EGC
Association EGC,Association EGC
Association EGC,Association EGC
Association EGC,Association EGC
Association EGC,Association EGC
Association EGC,Association EGC
Association EGC,Association EGC
Association EGC,Association EGC
Association EGC,Association EGC
Association EGC,Association EGC
Association EGC,Association EGC
Association EGC,Association EGC
Association EGC,Association EGC
Association EGC,Association EGC
Association EGC,Association EGC
Association EGC,VISEO
Association EGC,Association EGC
Association EGC,Association EGC
Association EGC,Association EGC
Association EGC,Association EGC
Association EGC,Association EGC
Association EGC,Thierry Morturier
Association EGC,Association EGC
Association EGC,Association EGC
Association EGC,Association EGC
Association EGC,Claudia Marinica
Association EGC,Association EGC
Association EGC,Association EGC
Association EGC,Association EGC
Association EGC,Association EGC
Association EGC,Association EGC
Association EGC,Association EGC
Association EGC,Association EGC
Association EGC,Association EGC
Association EGC,Association EGC
Association EGC,Association EGC
Association EGC,Association EGC
Association EGC,Association EGC
Association EGC,Association EGC
Association EGC,Association EGC
Association EGC,Association EGC
Association EGC,Association EGC
Association EGC,Association EGC
Association EGC,Claudia Marinica
Association EGC,Claudia Marinica
Association EGC,Association EGC
Association EGC,Association EGC
Association EGC,Association EGC
Association EGC,Association EGC
Association EGC,Association EGC
Association EGC,Association EGC
Association EGC,Association EGC
Association EGC,Association EGC
Association EGC,Association EGC
Association EGC,Association EGC
Association EGC,Association EGC
Association EGC,Association EGC
Association EGC,Association EGC
Association EGC,Association EGC
Association EGC,Association EGC
Association EGC,Association EGC
Association EGC,Association EGC
Association EGC,Association EGC
Association EGC,Association EGC
Association EGC,Association EGC
Association EGC,Association EGC
Association EGC,Association EGC
Association EGC,Association EGC
Association EGC,Association EGC
Association EGC,Association EGC
Association EGC,Association EGC
Association EGC,Association EGC
